epoch,train_loss,train_inf_f1,train_sev_f1,val_loss,val_inf_f1,val_inf_acc,val_inf_auc,val_sev_f1,val_sev_acc,lr,time_sec,best
1,1.1007641054208006,0.5010351966873706,0.576207735917906,1.041043894044284,0.3926940639269406,0.6144927536231884,0.7248686160894757,0.6079246247589123,0.6956521739130435,3.9999999999999996e-05,88.4,True
2,1.0108632216257836,0.6150684931506849,0.6391282930591081,0.9526195909785128,0.6304347826086957,0.7043478260869566,0.7830144185419754,0.6751239344980691,0.7072463768115942,7e-05,85.7,True
3,0.975445473001371,0.6556945358788677,0.6847834199220301,0.9450070402402987,0.6713286713286714,0.7275362318840579,0.786113731303059,0.6963989973204252,0.7391304347826086,0.0001,90.4,True
4,0.9576576497424302,0.6875399361022364,0.7001721935157413,0.8549076173154787,0.7333333333333333,0.7681159420289855,0.8509971701926965,0.7001206912354971,0.7507246376811594,9.997377845227576e-05,89.4,True
5,0.9521885967224984,0.6774821544451655,0.6880824443346464,0.8950489420315315,0.6931407942238267,0.7536231884057971,0.8649440776175717,0.7266942115423403,0.7710144927536232,9.989514131188558e-05,89.2,False
6,0.9255243324076952,0.6875,0.7106649616864934,0.8454943775445566,0.717391304347826,0.7739130434782608,0.8610699366662176,0.7352971785383904,0.782608695652174,9.97641710583307e-05,127.1,True
7,0.8710728451535477,0.7146666666666667,0.7109791134724951,1.0707454069078655,0.5833333333333334,0.7101449275362319,0.8679928581053765,0.7144150842849265,0.7507246376811594,9.958100506132127e-05,123.2,False
8,0.8914303419675993,0.7177472167648985,0.7167392874787165,0.899344535223369,0.708029197080292,0.7681159420289855,0.8772402641153484,0.7110315248908476,0.7623188405797101,9.934583543669453e-05,119.5,False
9,0.8863999711266205,0.7368421052631579,0.7241484877248147,1.0014609501793468,0.6412213740458015,0.7275362318840579,0.8652809594394286,0.7313887941206849,0.7710144927536232,9.905890884491197e-05,124.7,False
10,0.874279134049641,0.7467866323907455,0.7253743254017045,0.9336039552400852,0.7188612099644128,0.7710144927536232,0.8707384449535103,0.71618807603283,0.7652173913043478,9.872052623234632e-05,122.3,False
11,0.8826274485582143,0.7388204795852236,0.722924393613817,0.8428161115995769,0.7191011235955056,0.782608695652174,0.8894353860665678,0.7371011780122465,0.7768115942028986,9.833104251563057e-05,123.4,True
12,0.8768087397538015,0.7363636363636363,0.7227346236311544,0.8574652106597506,0.7153284671532847,0.7739130434782608,0.8824282441719444,0.7295376888728906,0.7681159420289855,9.789086620939936e-05,126.2,False
13,0.8509147498589843,0.7464239271781534,0.7376497176331047,0.9426193702323683,0.7491166077738516,0.7942028985507247,0.8987670125320036,0.7439031425653498,0.7855072463768116,9.740045899781354e-05,123.5,True
14,0.8464142956136175,0.7586206896551724,0.7472588131237021,1.106514511779807,0.6294820717131474,0.7304347826086957,0.8870098369491982,0.7386066857030676,0.7797101449275362,9.68603352503172e-05,125.8,False
15,0.841584541867325,0.7651612903225806,0.7424771331367852,0.9194895601991949,0.7420494699646644,0.7884057971014493,0.9086376499124107,0.7433119089869663,0.7797101449275362,9.627106148213522e-05,126.0,False
16,0.8511729227999846,0.7504885993485342,0.7367781171395376,1.0023618339207665,0.75,0.7913043478260869,0.89418541975475,0.7215109404765461,0.7536231884057971,9.563325576007701e-05,121.2,False
17,0.8236725301810758,0.7779910428662828,0.753552738965632,1.171559772614775,0.7121212121212122,0.7797101449275362,0.8760611777388493,0.7090090501487498,0.736231884057971,9.494758705426978e-05,126.8,False
18,0.8595065426693034,0.7514600908500974,0.7400586437667434,0.9415081892719214,0.6588235294117647,0.7478260869565218,0.889199568791268,0.764520878782238,0.7942028985507247,9.42147745365012e-05,123.8,False
19,0.823312428997672,0.7766367137355584,0.7438321897680089,0.9588017985652918,0.7333333333333333,0.7913043478260869,0.9049319498719848,0.7152831087014183,0.7507246376811594,9.343558682590757e-05,137.0,False
20,0.815577977054303,0.7717462393721386,0.7457417720156849,1.1004079401321796,0.6666666666666666,0.7478260869565218,0.8722544131518664,0.7408226160277674,0.7768115942028986,9.261084118279847e-05,136.5,False
21,0.7858344601717457,0.7823834196891192,0.7593415042093282,0.8148071640010538,0.7588652482269503,0.8028985507246377,0.903618110766743,0.7323825123679386,0.7623188405797101,9.174140265146356e-05,144.8,False
22,0.7623568877892856,0.7742355237475602,0.767784270335604,0.8422205603156967,0.7622377622377622,0.8028985507246377,0.9088734671877106,0.7661988893110175,0.808695652173913,9.082818315286055e-05,148.8,True
23,0.7987347687988435,0.7885117493472585,0.7685433283732004,0.8092484981164165,0.7872340425531915,0.8260869565217391,0.9203611373130305,0.781279843749064,0.808695652173913,8.987214052813604e-05,142.3,True
24,0.7994519741881397,0.7790849673202614,0.7715372700937573,0.8018062376342285,0.7638888888888888,0.8028985507246377,0.9016641961999731,0.7629167400105615,0.7971014492753623,8.887427753398248e-05,141.2,False
25,0.7610954802057043,0.8070404172099087,0.7659983416225233,0.9386349753958398,0.7526881720430108,0.8,0.9001819161838027,0.7693657792952264,0.8,8.783564079088477e-05,146.9,False
26,0.7860621517866998,0.7876844130853111,0.7661688526525344,0.7884195192620672,0.8120805369127517,0.8376811594202899,0.9118380272200511,0.7542682828447976,0.7971014492753623,8.675731968536002e-05,145.1,False
27,0.7803390759196299,0.8002594033722439,0.7745467442796129,0.7633557064009124,0.7903780068728522,0.8231884057971014,0.9242689664465705,0.7865329240776606,0.8202898550724638,8.564044522734147e-05,141.1,True
28,0.7515401315657579,0.8039087947882736,0.7696406353237888,1.1481108607124837,0.717948717948718,0.7768115942028986,0.8973521088802049,0.7538568168163241,0.7797101449275362,8.448618886390522e-05,145.2,False
29,0.7764400051749167,0.7956298200514139,0.769595366358452,1.1064230807917728,0.7407407407407407,0.7971014492753623,0.9122085972240938,0.740598940889338,0.7768115942028986,8.329576125058405e-05,134.9,False
30,0.7606486462946258,0.8052631578947368,0.7699097165444273,0.8498703257191456,0.8143322475570033,0.8347826086956521,0.9177671472847325,0.7802065777113034,0.8173913043478261,8.2070410981557e-05,134.5,True
31,0.7569866216746136,0.799480856586632,0.7656743448955828,1.0495458223011302,0.7676056338028169,0.808695652173913,0.9212033418676728,0.7595749235454459,0.7913043478260869,8.081142328004636e-05,138.6,False
32,0.7803442813456059,0.8107074569789675,0.771032050987575,0.8204704430382485,0.7903780068728522,0.8231884057971014,0.9147352108880203,0.7861333263640804,0.8260869565217391,7.952011865029613e-05,132.2,False
33,0.7615654303307705,0.8091205211726384,0.7773962565366845,0.9114199481347854,0.7463768115942029,0.7971014492753623,0.9083344562727395,0.7717037833534609,0.8115942028985508,7.819785149254532e-05,132.5,False
34,0.7877703425289128,0.8023331173039533,0.7776466383753887,0.943044695296678,0.7605633802816901,0.8028985507246377,0.8983964425279612,0.7752766497979935,0.8144927536231884,7.68460086824492e-05,137.7,False
35,0.7606689581596547,0.8089005235602095,0.7724296853320862,0.8455845249881004,0.7591240875912408,0.808695652173913,0.9253806764586984,0.7750574651175118,0.808695652173913,7.546600811643816e-05,132.5,False
36,0.7456813985250186,0.7940797940797941,0.7870712967553437,0.9218640431611874,0.7676056338028169,0.808695652173913,0.8943538606656785,0.7594204820046709,0.7884057971014493,7.405929722454026e-05,139.2,False
37,0.7481281162420316,0.8114807566862361,0.780541930413348,1.066280694528558,0.7352941176470589,0.7913043478260869,0.9007883034631451,0.7689836794276154,0.8028985507246377,7.262735145222695e-05,138.6,False
38,0.7328562323694391,0.8177083333333334,0.787434393944229,0.9059230280055226,0.7849829351535836,0.8173913043478261,0.9194852445762026,0.78539916395217,0.8202898550724638,7.117167271287453e-05,129.9,False
39,0.7288194477004439,0.8234552332912989,0.7937442752816437,0.9918872959183893,0.7410071942446043,0.7913043478260869,0.9046961325966852,0.7603306715998291,0.782608695652174,6.969378781246436e-05,140.6,False
40,0.6833626283703381,0.8321358589157414,0.795380365346288,1.0470225122468224,0.7552447552447552,0.7971014492753623,0.9067174235278264,0.7390599924623977,0.7652173913043478,6.819524684817438e-05,141.4,False
41,0.7206905635296187,0.8278580814717477,0.7872837306294861,0.9619622231814368,0.7655172413793103,0.8028985507246377,0.8965099043255627,0.7661686117056454,0.7913043478260869,6.667762158254104e-05,137.0,False
42,0.7347456013542873,0.8165910563836681,0.7855419788579067,1.1315313384322256,0.7191011235955056,0.782608695652174,0.9053362080582132,0.7494616241729629,0.7710144927536232,6.514250379489754e-05,146.2,False
43,0.7115766906286057,0.8182410423452768,0.7973211105371706,0.9841022385584041,0.7560137457044673,0.7942028985507247,0.9056394016978844,0.7683025404564782,0.7971014492753623,6.359150361181715e-05,161.2,False
44,0.7296119772444539,0.8097112860892388,0.7953070060255905,0.7672232660282959,0.7946127946127947,0.8231884057971014,0.9282104837622962,0.7464393917251758,0.7710144927536232,6.202624781831268e-05,135.3,False
45,0.7053500694727793,0.8311688311688312,0.8055993384747626,0.9456325657451632,0.7591240875912408,0.808695652173913,0.9143309527017922,0.7760413481925091,0.8115942028985508,6.0448378151563754e-05,141.0,False
